query,id,timestamp_utc,local_time,user_screen_name,text,possibly_sensitive,retweet_count,like_count,reply_count,impression_count,lang,to_username,to_userid,to_tweetid,source_name,source_url,user_location,lat,lng,user_id,user_name,user_verified,user_description,user_url,user_image,user_tweets,user_followers,user_friends,user_likes,user_lists,user_created_at,user_timestamp_utc,collected_via,match_query,retweeted_id,retweeted_user,retweeted_user_id,retweeted_timestamp_utc,quoted_id,quoted_user,quoted_user_id,quoted_timestamp_utc,collection_time,url,place_country_code,place_name,place_type,place_coordinates,links,domains,media_urls,media_files,media_types,media_alt_texts,mentioned_names,mentioned_ids,hashtags,intervention_type,intervention_text,intervention_url
from:medialab_ScPo,1781236041556361334,1713514740,2024-04-19T08:19:00,medialab_ScPo,"Mardi 23/04 √† 14h, @epmrio pr√©sentera son travail sur le ""Le gouvernement num√©rique de la foule"" au s√©minaire du m√©dialab.
Info et inscription sur¬†https://medialab.sciencespo.fr/actu/le-gouvernement-numerique-de-la-foule/",0,0,3,0,,fr,,,,Twitter Web App,https://mobile.twitter.com,Paris,,,1652884033,ScPo m√©dialab,0,The Sciences Po m√©dialab is a research center of @sciencespo that connects the social sciences with new digital tools. #controversy #networks #data,https://medialab.sciencespo.fr,https://pbs.twimg.com/profile_images/687665190335283202/Ucmfc-pV_normal.png,1291,8838,129,321,227,2013-08-07T12:43:17,1375879397,scraping,1,,,,,,,,,2024-04-27T00:17:52.815768,https://twitter.com/medialab_ScPo/status/1781236041556361334,,,,,https://medialab.sciencespo.fr/actu/le-gouvernement-numerique-de-la-foule/,medialab.sciencespo.fr,,,,,epmrio,910137088754044928,,,,
from:medialab_ScPo,1773711424734289987,1711720732,2024-03-29T13:58:52,medialab_ScPo,"The m√©dialab is recruiting a Postdoc or data scientist / engineer a for 12  months contract to work on online misinformation spread.
Review of applications will start on April 25th 2024 ; more info to join @achimedelmann team on https://medialab.sciencespo.fr/actu/hiring-postdoc-or-data-scientist/",0,10,14,0,,en,,,,Twitter Web App,https://mobile.twitter.com,Paris,,,1652884033,ScPo m√©dialab,0,The Sciences Po m√©dialab is a research center of @sciencespo that connects the social sciences with new digital tools. #controversy #networks #data,https://medialab.sciencespo.fr,https://pbs.twimg.com/profile_images/687665190335283202/Ucmfc-pV_normal.png,1291,8838,129,321,227,2013-08-07T12:43:17,1375879397,scraping,1,,,,,,,,,2024-04-27T00:17:52.816025,https://twitter.com/medialab_ScPo/status/1773711424734289987,,,,,https://medialab.sciencespo.fr/actu/hiring-postdoc-or-data-scientist/,medialab.sciencespo.fr,,,,,achimedelmann,2835152008,,,,
from:medialab_ScPo,1770043554041098559,1710846243,2024-03-19T11:04:03,medialab_ScPo,"2pm today, the m√©dialab seminar is welcoming¬†@PabloBochon (@NorthwesternU) at @sciencespo for a session entitled
""Digital Freud: The refiguration of inequality, sociality, and personhood in clinical work¬†¬ª.

If you want to join, register on¬†https://medialab.sciencespo.fr/actu/digital-freud-the-refiguration-of-inequality-sociality-and-personhood-in-clinical-work/",0,0,5,0,,en,,,,Twitter Web App,https://mobile.twitter.com,Paris,,,1652884033,ScPo m√©dialab,0,The Sciences Po m√©dialab is a research center of @sciencespo that connects the social sciences with new digital tools. #controversy #networks #data,https://medialab.sciencespo.fr,https://pbs.twimg.com/profile_images/687665190335283202/Ucmfc-pV_normal.png,1291,8838,129,321,227,2013-08-07T12:43:17,1375879397,scraping,1,,,,,,,,,2024-04-27T00:17:52.816267,https://twitter.com/medialab_ScPo/status/1770043554041098559,,,,,https://medialab.sciencespo.fr/actu/digital-freud-the-refiguration-of-inequality-sociality-and-personhood-in-clinical-work/,medialab.sciencespo.fr,,,,,northwesternu|pablobochon|sciencespo,33639255|1173648253|168619698,,,,
from:medialab_ScPo,1769699353323598199,1710764179,2024-03-18T12:16:19,medialab_ScPo,"Tomorrow 2pm @PabloBochon¬†from @NorthwesternU will present his study about the use of digital technology in mental health professionals' practices, at the m√©dialab seminar.
Info and registration :
https://medialab.sciencespo.fr/actu/digital-freud-the-refiguration-of-inequality-sociality-and-personhood-in-clinical-work/",0,2,6,0,,en,,,,Twitter Web App,https://mobile.twitter.com,Paris,,,1652884033,ScPo m√©dialab,0,The Sciences Po m√©dialab is a research center of @sciencespo that connects the social sciences with new digital tools. #controversy #networks #data,https://medialab.sciencespo.fr,https://pbs.twimg.com/profile_images/687665190335283202/Ucmfc-pV_normal.png,1291,8838,129,321,227,2013-08-07T12:43:17,1375879397,scraping,1,,,,,,,,,2024-04-27T00:17:52.816483,https://twitter.com/medialab_ScPo/status/1769699353323598199,,,,,https://medialab.sciencespo.fr/actu/digital-freud-the-refiguration-of-inequality-sociality-and-personhood-in-clinical-work/,medialab.sciencespo.fr,,,,,northwesternu|pablobochon,33639255|1173648253,,,,
from:medialab_ScPo,1767136620149407824,1710153176,2024-03-11T10:32:56,medialab_ScPo,"Ce mercredi √† 18h30, le m√©dialab et @CetFeditions proposent une conf√©rence sur le th√®me ""Open Data, pouvoir et contre-pouvoirs"".
Avec @xporte, @samgoeta, @axellelemaire, @SParasie, @jrmdns, & @C_Nebbula 
RV @sciencespo ; inscriptions sur https://cfeditions.com/open-data/ ¬´ CetFeditions: Avez-vous pens√© √† r√©server pour la conf√©rence-d√©bat du mercredi 13 mars.
Open data, pouvoirs et contre-pouvoirs
Animation @xporte 
Avec @samgoeta, @axellelemaire, @SParasie, @jrmdns, @C_Nebbula 

Inscription gratuite, mais n√©cessaire : https://cfeditions.com/open-data https://twitter.com/CetFeditions/status/1765367534604157090/photo/1 ‚Äî https://twitter.com/cetfeditions/status/1765367534604157090 ¬ª",0,6,8,0,,fr,,,,Twitter Web App,https://mobile.twitter.com,Paris,,,1652884033,ScPo m√©dialab,0,The Sciences Po m√©dialab is a research center of @sciencespo that connects the social sciences with new digital tools. #controversy #networks #data,https://medialab.sciencespo.fr,https://pbs.twimg.com/profile_images/687665190335283202/Ucmfc-pV_normal.png,1291,8838,129,321,227,2013-08-07T12:43:17,1375879397,scraping,1,,,,,1765367534604157090,CetFeditions,1859544331,1709731393,2024-04-27T00:17:52.817466,https://twitter.com/medialab_ScPo/status/1767136620149407824,,,,,https://cfeditions.com/open-data|https://cfeditions.com/open-data/,cfeditions.com|cfeditions.com,https://pbs.twimg.com/media/GH_XjvyXgAAxlD3.jpg,1765367534604157090_GH_XjvyXgAAxlD3.jpg,photo,,axellelemaire|c_nebbula|cetfeditions|jrmdns|samgoeta|sciencespo|sparasie|xporte,116063765|130497468|1859544331|25548418|14100759|168619698|1545028346546905088|71212408,,,,
from:medialab_ScPo,1765673242231234726,1709804280,2024-03-07T09:38:00,medialab_ScPo,"Envie de mettre vos comp√©tences techniques au service de la communaut√© de recherche, venez participer avec les ing√©nieurs de @ScPoResearch au MetAt, l'atelier de m√©thodes.
Retrouvez leurs t√©moignages sur https://medialab.sciencespo.fr/actu/portraits-dencadrantes-2-metat/",0,4,3,0,,fr,,,,Twitter Web App,https://mobile.twitter.com,Paris,,,1652884033,ScPo m√©dialab,0,The Sciences Po m√©dialab is a research center of @sciencespo that connects the social sciences with new digital tools. #controversy #networks #data,https://medialab.sciencespo.fr,https://pbs.twimg.com/profile_images/687665190335283202/Ucmfc-pV_normal.png,1291,8838,129,321,227,2013-08-07T12:43:17,1375879397,scraping,1,,,,,,,,,2024-04-27T00:17:52.817683,https://twitter.com/medialab_ScPo/status/1765673242231234726,,,,,https://medialab.sciencespo.fr/actu/portraits-dencadrantes-2-metat/,medialab.sciencespo.fr,,,,,scporesearch,435681893,,,,
from:medialab_ScPo,1764997288181834212,1709643120,2024-03-05T12:52:00,medialab_ScPo,"Le METAT, des discussions fouill√©es pour adapter au mieux les m√©thodes aux projets de recherches : ‚ÄúLes chercheurs doivent r√©organiser leurs modes de penser suite aux √©changes‚Äù, Blazej Palat (2023)
Pour en savoir plus sur le METAT et rejoindre l‚Äô√©quipe : https://medialab.sciencespo.fr/actu/portraits-dencadrantes-2-metat/ https://twitter.com/medialab_ScPo/status/1764997288181834212/video/1",0,1,0,0,,fr,,,,Twitter Web App,https://mobile.twitter.com,Paris,,,1652884033,ScPo m√©dialab,0,The Sciences Po m√©dialab is a research center of @sciencespo that connects the social sciences with new digital tools. #controversy #networks #data,https://medialab.sciencespo.fr,https://pbs.twimg.com/profile_images/687665190335283202/Ucmfc-pV_normal.png,1291,8838,129,321,227,2013-08-07T12:43:17,1375879397,scraping,1,,,,,,,,,2024-04-27T00:17:52.818020,https://twitter.com/medialab_ScPo/status/1764997288181834212,,,,,https://medialab.sciencespo.fr/actu/portraits-dencadrantes-2-metat/,medialab.sciencespo.fr,https://video.twimg.com/ext_tw_video/1759586529129664512/pu/vid/avc1/720x720/HQKuKBgVbEBi5NHy.mp4,1764997288181834212_HQKuKBgVbEBi5NHy.mp4,video,,,,,,,
from:medialab_ScPo,1762755264988737633,1709108580,2024-02-28T08:23:00,medialab_ScPo,"Le METAT c‚Äôest former pour plus d‚Äôautonomie :
‚Äúl‚Äôoccasion de donner un petit point de d√©part aux gens sans pour autant travailler pour eux‚Äù, @BeatriceMazoyer 
(2023)
Pour en savoir plus sur le METAT et rejoindre l‚Äô√©quipe : https://medialab.sciencespo.fr/actu/portraits-dencadrantes-2-metat/ https://twitter.com/medialab_ScPo/status/1762755264988737633/video/1",0,2,4,0,,fr,,,,Twitter Web App,https://mobile.twitter.com,Paris,,,1652884033,ScPo m√©dialab,0,The Sciences Po m√©dialab is a research center of @sciencespo that connects the social sciences with new digital tools. #controversy #networks #data,https://medialab.sciencespo.fr,https://pbs.twimg.com/profile_images/687665190335283202/Ucmfc-pV_normal.png,1291,8838,129,321,227,2013-08-07T12:43:17,1375879397,scraping,1,,,,,,,,,2024-04-27T00:17:52.818291,https://twitter.com/medialab_ScPo/status/1762755264988737633,,,,,https://medialab.sciencespo.fr/actu/portraits-dencadrantes-2-metat/,medialab.sciencespo.fr,https://video.twimg.com/ext_tw_video/1759584335433285632/pu/vid/avc1/720x720/MoFTKXJUNAtCB2K6.mp4,1762755264988737633_MoFTKXJUNAtCB2K6.mp4,video,,beatricemazoyer,709702331412176896,,,,
from:medialab_ScPo,1762414981121765567,1709027450,2024-02-27T09:50:50,medialab_ScPo,"Classification et infrastructures informationnelles :
la pr√©sentation de l‚Äôouvrage ""Arranger les choses¬†¬ª commence √† 14h √† @sciencespo 
Il est encore temps de vous inscrire pour √©couter @VinZian @b_kotras V.Cardon H. Boullier et¬†√â. Dagiral
https://medialab.sciencespo.fr/actu/classification-et-infrastructures-informationnelles-traduire-un-classique-des-sciences-sociales/",0,2,7,0,,fr,,,,Twitter Web App,https://mobile.twitter.com,Paris,,,1652884033,ScPo m√©dialab,0,The Sciences Po m√©dialab is a research center of @sciencespo that connects the social sciences with new digital tools. #controversy #networks #data,https://medialab.sciencespo.fr,https://pbs.twimg.com/profile_images/687665190335283202/Ucmfc-pV_normal.png,1291,8838,129,321,227,2013-08-07T12:43:17,1375879397,scraping,1,,,,,,,,,2024-04-27T00:17:52.818494,https://twitter.com/medialab_ScPo/status/1762414981121765567,,,,,https://medialab.sciencespo.fr/actu/classification-et-infrastructures-informationnelles-traduire-un-classique-des-sciences-sociales/,medialab.sciencespo.fr,,,,,b_kotras|sciencespo|vinzian,256472239|168619698|157629358,,,,
from:medialab_ScPo,1761024552606294315,1708695946,2024-02-23T13:45:46,medialab_ScPo,"Ce mardi 27/02, √† 14h¬†@CardonVincent¬†@VinZian @b_kotras¬†H. Boullier et¬†√â. Dagiral¬†pr√©senteront ""Arranger les choses : des cons√©quences de la classification"", leur traduction fran√ßaise de ""Sorting Things Out¬†¬ª. 
Pour en savoir plus et participer : https://medialab.sciencespo.fr/actu/classification-et-infrastructures-informationnelles-traduire-un-classique-des-sciences-sociales/",0,5,8,0,,fr,,,,Twitter Web App,https://mobile.twitter.com,Paris,,,1652884033,ScPo m√©dialab,0,The Sciences Po m√©dialab is a research center of @sciencespo that connects the social sciences with new digital tools. #controversy #networks #data,https://medialab.sciencespo.fr,https://pbs.twimg.com/profile_images/687665190335283202/Ucmfc-pV_normal.png,1291,8838,129,321,227,2013-08-07T12:43:17,1375879397,scraping,1,,,,,,,,,2024-04-27T00:17:52.818689,https://twitter.com/medialab_ScPo/status/1761024552606294315,,,,,https://medialab.sciencespo.fr/actu/classification-et-infrastructures-informationnelles-traduire-un-classique-des-sciences-sociales/,medialab.sciencespo.fr,,,,,b_kotras|cardonvincent|vinzian,256472239|870725308483325953|157629358,,,,
from:medialab_ScPo,1761021229916364845,1708695154,2024-02-23T13:32:34,medialab_ScPo,"Want to join @ScPoResearch in Paris or the m√©dialab team?
The m√©dialab is¬†hiring¬†an advanced¬†Associate Professor in sociology. The application procedure is open from now to April 4th.
More details on¬†https://medialab.sciencespo.fr/en/news/recrute-une-professeure-des-universites-en-sociologie/",0,14,9,0,,en,,,,Twitter Web App,https://mobile.twitter.com,Paris,,,1652884033,ScPo m√©dialab,0,The Sciences Po m√©dialab is a research center of @sciencespo that connects the social sciences with new digital tools. #controversy #networks #data,https://medialab.sciencespo.fr,https://pbs.twimg.com/profile_images/687665190335283202/Ucmfc-pV_normal.png,1291,8838,129,321,227,2013-08-07T12:43:17,1375879397,scraping,1,,,,,,,,,2024-04-27T00:17:52.818883,https://twitter.com/medialab_ScPo/status/1761021229916364845,,,,,https://medialab.sciencespo.fr/en/news/recrute-une-professeure-des-universites-en-sociologie/,medialab.sciencespo.fr,,,,,scporesearch,435681893,,,,
from:medialab_ScPo,1760595030564094414,1708593540,2024-02-22T09:19:00,medialab_ScPo,"Le METAT, un lieu d‚Äô√©change de partage et de formation pour des apprentissages r√©ciproques : 
‚Äúj‚Äôapprends beaucoup des autres, non seulement des encadrants mais aussi des participants‚Äù, Yuma Ando (2023)
En savoir plus sur le METAT et rejoindre l‚Äô√©quipe sur https://medialab.sciencespo.fr/actu/portraits-dencadrantes-2-metat/ https://twitter.com/medialab_ScPo/status/1760595030564094414/video/1",0,0,3,0,,fr,,,,Twitter Web App,https://mobile.twitter.com,Paris,,,1652884033,ScPo m√©dialab,0,The Sciences Po m√©dialab is a research center of @sciencespo that connects the social sciences with new digital tools. #controversy #networks #data,https://medialab.sciencespo.fr,https://pbs.twimg.com/profile_images/687665190335283202/Ucmfc-pV_normal.png,1291,8838,129,321,227,2013-08-07T12:43:17,1375879397,scraping,1,,,,,,,,,2024-04-27T00:17:52.819166,https://twitter.com/medialab_ScPo/status/1760595030564094414,,,,,https://medialab.sciencespo.fr/actu/portraits-dencadrantes-2-metat/,medialab.sciencespo.fr,https://video.twimg.com/ext_tw_video/1759580423804366848/pu/vid/avc1/720x720/ve3Eg02phnIcz3CK.mp4,1760595030564094414_ve3Eg02phnIcz3CK.mp4,video,,,,,,,
from:medialab_ScPo,1759580028948410713,1708351544,2024-02-19T14:05:44,medialab_ScPo,"Le METAT, 3h pour accompagner concr√®tement un projet : 
‚Äú√† la fin, il faut un livrable qui fait avancer le projet‚Äù, @KCdemusicologie (2023).
Pour en savoir plus sur le METAT et rejoindre l‚Äô√©quipe : https://medialab.sciencespo.fr/actu/portraits-dencadrantes-2-metat/ https://twitter.com/medialab_ScPo/status/1759580028948410713/video/1",0,4,4,0,,fr,,,,Twitter Web App,https://mobile.twitter.com,Paris,,,1652884033,ScPo m√©dialab,0,The Sciences Po m√©dialab is a research center of @sciencespo that connects the social sciences with new digital tools. #controversy #networks #data,https://medialab.sciencespo.fr,https://pbs.twimg.com/profile_images/687665190335283202/Ucmfc-pV_normal.png,1291,8838,129,321,227,2013-08-07T12:43:17,1375879397,scraping,1,,,,,,,,,2024-04-27T00:17:52.819449,https://twitter.com/medialab_ScPo/status/1759580028948410713,,,,,https://medialab.sciencespo.fr/actu/portraits-dencadrantes-2-metat/,medialab.sciencespo.fr,https://video.twimg.com/ext_tw_video/1759579773540483072/pu/vid/avc1/720x720/Ge9mOQ8qDvWiMI90.mp4,1759580028948410713_Ge9mOQ8qDvWiMI90.mp4,video,,kcdemusicologie,1175291271373611008,,,,
from:medialab_ScPo,1757427465868157126,1707838333,2024-02-13T15:32:13,medialab_ScPo,"A great opportunity to join our research team : Applications must be sent before March 4th!! ¬´ Optichiasm: #postdoc position @medialab_ScPo 
Ecologies of LLMs Practices 

What happens when #LLMs land in different practices and disciplines?
What is asked of them? 
What do these technologies ask of their users?
How to account for their effects, limits and danger?

more info üëá ‚Äî https://twitter.com/optichiasm/status/1755539297724199168 ¬ª",,0,2,0,,en,,,,Twitter Web App,https://mobile.twitter.com,Paris,,,1652884033,ScPo m√©dialab,0,The Sciences Po m√©dialab is a research center of @sciencespo that connects the social sciences with new digital tools. #controversy #networks #data,https://medialab.sciencespo.fr,https://pbs.twimg.com/profile_images/687665190335283202/Ucmfc-pV_normal.png,1291,8838,129,321,227,2013-08-07T12:43:17,1375879397,scraping,1,,,,,1755539297724199168,Optichiasm,432665924,1707388159,2024-04-27T00:17:52.819738,https://twitter.com/medialab_ScPo/status/1757427465868157126,,,,,,,,,,,medialab_scpo,1652884033,llms|postdoc,,,
from:medialab_ScPo,1757384572948426958,1707828107,2024-02-13T12:41:47,medialab_ScPo,"Chaque mois, des ing√©s @CSO_SciencesPo @SciencesPo_CEE @CDSP_ScPo m√©dialab etc. aident des chercheur¬∑euse¬∑s √† avancer sur leurs projets au MetAt, l‚Äôatelier de m√©thodes de @sciencespo .
Blazej, Yuma, @BeatriceMazoyer et @KCdemusicologie partagent leurs exp√©riences d'encadrant¬∑e¬∑s. https://twitter.com/medialab_ScPo/status/1757384572948426958/video/1",0,6,15,0,,fr,,,,Twitter Web App,https://mobile.twitter.com,Paris,,,1652884033,ScPo m√©dialab,0,The Sciences Po m√©dialab is a research center of @sciencespo that connects the social sciences with new digital tools. #controversy #networks #data,https://medialab.sciencespo.fr,https://pbs.twimg.com/profile_images/687665190335283202/Ucmfc-pV_normal.png,1291,8838,129,321,227,2013-08-07T12:43:17,1375879397,scraping,1,,,,,,,,,2024-04-27T00:17:52.819976,https://twitter.com/medialab_ScPo/status/1757384572948426958,,,,,,,https://video.twimg.com/ext_tw_video/1757377701738926081/pu/vid/avc1/1280x720/_z-ynzFN_maLPlJ1.mp4,1757384572948426958__z-ynzFN_maLPlJ1.mp4,video,,beatricemazoyer|cdsp_scpo|cso_sciencespo|kcdemusicologie|sciencespo|sciencespo_cee,709702331412176896|3059409604|3684500895|1175291271373611008|168619698|2306534791,,,,
from:medialab_ScPo,1754545645354926293,1707151254,2024-02-05T16:40:54,medialab_ScPo,"You weren‚Äôt able to join the @FosdemResearch : dont worry, there is an online catch-up session on satursday February 10th (10am-3.30pm)
#ORDEM schedule and login info on https://research-fosdem.github.io/2024-online-schedule.html",0,7,4,1,,en,,,,Twitter Web App,https://mobile.twitter.com,Paris,,,1652884033,ScPo m√©dialab,0,The Sciences Po m√©dialab is a research center of @sciencespo that connects the social sciences with new digital tools. #controversy #networks #data,https://medialab.sciencespo.fr,https://pbs.twimg.com/profile_images/687665190335283202/Ucmfc-pV_normal.png,1291,8838,129,321,227,2013-08-07T12:43:17,1375879397,scraping,1,,,,,,,,,2024-04-27T00:17:52.820152,https://twitter.com/medialab_ScPo/status/1754545645354926293,,,,,https://research-fosdem.github.io/2024-online-schedule.html,research-fosdem.github.io,,,,,fosdemresearch,1206584349874933760,ordem,,,
from:medialab_ScPo,1745808627116421610,1705068186,2024-01-12T14:03:06,medialab_ScPo,"Tuesday 16th at 2pm,¬†@szeyuhninawang¬†will present her work about moral rhetoric of U.S. political elites.
An @AxPo_Obs & m√©dialab joint seminar for @ScPoResearch
More info and¬†registration on¬†https://medialab.sciencespo.fr/actu/motivators-and-consequences-of-moralization-across-the-political-spectrum/",0,5,9,0,,en,,,,Twitter Web App,https://mobile.twitter.com,Paris,,,1652884033,ScPo m√©dialab,0,The Sciences Po m√©dialab is a research center of @sciencespo that connects the social sciences with new digital tools. #controversy #networks #data,https://medialab.sciencespo.fr,https://pbs.twimg.com/profile_images/687665190335283202/Ucmfc-pV_normal.png,1291,8838,129,321,227,2013-08-07T12:43:17,1375879397,scraping,1,,,,,,,,,2024-04-27T00:17:52.820359,https://twitter.com/medialab_ScPo/status/1745808627116421610,,,,,https://medialab.sciencespo.fr/actu/motivators-and-consequences-of-moralization-across-the-political-spectrum/,medialab.sciencespo.fr,,,,,axpo_obs|scporesearch|szeyuhninawang,999680174600937473|435681893|2424294697,,,,
from:medialab_ScPo,1737127524432306448,1702998450,2023-12-19T15:07:30,medialab_ScPo,"The m√©dialab is hiring a postdoc (20 months) to work in an interdisciplinary European project about the impacts of social media on offline politics.
More details to join team with @PedroRamaciotti and @jphcoion on https://medialab.sciencespo.fr/actu/hiring-postdoc-in-computational-social-sciences/",0,9,9,0,,en,,,,Twitter Web App,https://mobile.twitter.com,Paris,,,1652884033,ScPo m√©dialab,0,The Sciences Po m√©dialab is a research center of @sciencespo that connects the social sciences with new digital tools. #controversy #networks #data,https://medialab.sciencespo.fr,https://pbs.twimg.com/profile_images/687665190335283202/Ucmfc-pV_normal.png,1291,8838,129,321,227,2013-08-07T12:43:17,1375879397,scraping,1,,,,,,,,,2024-04-27T00:17:52.820556,https://twitter.com/medialab_ScPo/status/1737127524432306448,,,,,https://medialab.sciencespo.fr/actu/hiring-postdoc-in-computational-social-sciences/,medialab.sciencespo.fr,,,,,pedroramaciotti,1290396928778350593,,,,
from:medialab_ScPo,1735667198662680996,1702650281,2023-12-15T14:24:41,medialab_ScPo,"Les donn√©es de @ScPoResearch sont √©galement¬†pl√©biscit√©es :¬†f√©licitation √† C√©lia Bouchet¬†pour son¬†¬´ Enqu√™te Handicap et destin√©es sociales ¬ª¬†√† @OSC_SciencesPo¬†ayant re√ßu la¬†mention sp√©ciale du jury¬†des prix science ouverte des donn√©es de la recherche.
https://www.enseignementsup-recherche.gouv.fr/fr/remise-des-prix-science-ouverte-des-donnees-de-la-recherche-93729",0,2,1,0,,fr,medialab_ScPo,1652884033,1735667195462533254,Twitter Web App,https://mobile.twitter.com,Paris,,,1652884033,ScPo m√©dialab,0,The Sciences Po m√©dialab is a research center of @sciencespo that connects the social sciences with new digital tools. #controversy #networks #data,https://medialab.sciencespo.fr,https://pbs.twimg.com/profile_images/687665190335283202/Ucmfc-pV_normal.png,1291,8838,129,321,227,2013-08-07T12:43:17,1375879397,scraping,1,,,,,,,,,2024-04-27T00:17:52.820758,https://twitter.com/medialab_ScPo/status/1735667198662680996,,,,,https://www.enseignementsup-recherche.gouv.fr/fr/remise-des-prix-science-ouverte-des-donnees-de-la-recherche-93729,enseignementsup-recherche.gouv.fr,,,,,scporesearch,435681893,,,,
from:medialab_ScPo,1735667195462533254,1702650281,2023-12-15T14:24:41,medialab_ScPo,"Impliqu√© dans le mouvement de l‚ÄôOpenScience depuis ses d√©buts, le m√©dialab¬†est fier d‚Äôavoir √©t√© r√©cemment prim√© ""coup de coeur"" des¬†Prix Science Ouverte du Logiciel¬†Libre de¬†@sup_recherche pour son logiciel Hyphe. üèÜ
https://medialab.sciencespo.fr/actu/hyphe-prime-pour-sa-contribution-a-la-science-ouverte/",0,15,29,1,,fr,,,,Twitter Web App,https://mobile.twitter.com,Paris,,,1652884033,ScPo m√©dialab,0,The Sciences Po m√©dialab is a research center of @sciencespo that connects the social sciences with new digital tools. #controversy #networks #data,https://medialab.sciencespo.fr,https://pbs.twimg.com/profile_images/687665190335283202/Ucmfc-pV_normal.png,1291,8838,129,321,227,2013-08-07T12:43:17,1375879397,scraping,1,,,,,,,,,2024-04-27T00:17:52.820951,https://twitter.com/medialab_ScPo/status/1735667195462533254,,,,,https://medialab.sciencespo.fr/actu/hyphe-prime-pour-sa-contribution-a-la-science-ouverte/,medialab.sciencespo.fr,,,,,sup_recherche,912084145,,,,
from:medialab_ScPo,1734218612489978341,1702304912,2023-12-11T14:28:32,medialab_ScPo,"(Re)d√©couvrez le concept fronti√®re de ""Zone critique¬†¬ª dans le¬†dernier ouvrage de @JrmeGaillardet2¬†(@IPGP_officiel ).
Pr√©sentation demain, √†¬†partir de 14h, au s√©minaire du m√©dialab.

Inscription obligatoire sur¬†https://medialab.sciencespo.fr/actu/la-terre-habitable-ou-lepopee-de-la-zone-critique/",0,2,6,0,,fr,,,,Twitter Web App,https://mobile.twitter.com,Paris,,,1652884033,ScPo m√©dialab,0,The Sciences Po m√©dialab is a research center of @sciencespo that connects the social sciences with new digital tools. #controversy #networks #data,https://medialab.sciencespo.fr,https://pbs.twimg.com/profile_images/687665190335283202/Ucmfc-pV_normal.png,1291,8838,129,321,227,2013-08-07T12:43:17,1375879397,scraping,1,,,,,,,,,2024-04-27T00:17:59.250044,https://twitter.com/medialab_ScPo/status/1734218612489978341,,,,,https://medialab.sciencespo.fr/actu/la-terre-habitable-ou-lepopee-de-la-zone-critique/,medialab.sciencespo.fr,,,,,ipgp_officiel|jrmegaillardet2,3842930237|1564702152148279296,,,,
from:medialab_ScPo,1732766691027800517,1701958747,2023-12-07T14:19:07,medialab_ScPo,"¬´la Terre habitable ou l‚Äô√©pop√©e de la zone critique¬ª,¬†@JrmeGaillardet2¬†de¬†@IPGP_officiel pr√©sente son dernier ouvrage au s√©minaire du m√©dialab¬†@ScPoResearch mardi 12/12 √† partir de 14h.
Ouvert √† tous, sur inscription obligatoire :¬†https://medialab.sciencespo.fr/actu/la-terre-habitable-ou-lepopee-de-la-zone-critique/ https://twitter.com/medialab_ScPo/status/1732766691027800517/photo/1",0,4,5,0,,fr,,,,Twitter Web App,https://mobile.twitter.com,Paris,,,1652884033,ScPo m√©dialab,0,The Sciences Po m√©dialab is a research center of @sciencespo that connects the social sciences with new digital tools. #controversy #networks #data,https://medialab.sciencespo.fr,https://pbs.twimg.com/profile_images/687665190335283202/Ucmfc-pV_normal.png,1291,8838,129,321,227,2013-08-07T12:43:17,1375879397,scraping,1,,,,,,,,,2024-04-27T00:17:59.250414,https://twitter.com/medialab_ScPo/status/1732766691027800517,,,,,https://medialab.sciencespo.fr/actu/la-terre-habitable-ou-lepopee-de-la-zone-critique/,medialab.sciencespo.fr,https://pbs.twimg.com/media/GAwGEWlWYAAmIe6.jpg,1732766691027800517_GAwGEWlWYAAmIe6.jpg,photo,,ipgp_officiel|jrmegaillardet2|scporesearch,3842930237|1564702152148279296|435681893,,,,
from:medialab_ScPo,1731972735952187544,1701769453,2023-12-05T09:44:13,medialab_ScPo,"Aujourd'hui √† 14h,¬†@robindemourat Cl√©mence Seurat¬†et¬†@ThomasTARI1¬†pr√©sentent leur enqu√™te collective sur la plaine Montceleux √† @Sevranville¬† et leur livre ""le champ des possibles"".
S√©minaire ouvert √† tous sur inscription : 
https://medialab.sciencespo.fr/actu/le-champ-des-possibles/",0,1,4,0,,fr,,,,Twitter for Android,http://twitter.com/download/android,Paris,,,1652884033,ScPo m√©dialab,0,The Sciences Po m√©dialab is a research center of @sciencespo that connects the social sciences with new digital tools. #controversy #networks #data,https://medialab.sciencespo.fr,https://pbs.twimg.com/profile_images/687665190335283202/Ucmfc-pV_normal.png,1291,8838,129,321,227,2013-08-07T12:43:17,1375879397,scraping,1,,,,,,,,,2024-04-27T00:17:59.250623,https://twitter.com/medialab_ScPo/status/1731972735952187544,,,,,https://medialab.sciencespo.fr/actu/le-champ-des-possibles/,medialab.sciencespo.fr,,,,,robindemourat|sevranville|thomastari1,20637708|2765681895|1177186207601713154,,,,
from:medialab_ScPo,1731751044873404628,1701716598,2023-12-04T19:03:18,medialab_ScPo,"Au sujet des angles morts th√©matiques de l'ouvrage : ""certains sujets, comme la guerre, √©taient trop actuels pour bien comprendre la construction des donn√©es et rentrer dans une double page de l'Atlas"" d'apr√®s @Optichiasm https://twitter.com/medialab_ScPo/status/1731751044873404628/photo/1",0,2,7,0,,fr,,,,Twitter for Android,http://twitter.com/download/android,Paris,,,1652884033,ScPo m√©dialab,0,The Sciences Po m√©dialab is a research center of @sciencespo that connects the social sciences with new digital tools. #controversy #networks #data,https://medialab.sciencespo.fr,https://pbs.twimg.com/profile_images/687665190335283202/Ucmfc-pV_normal.png,1291,8838,129,321,227,2013-08-07T12:43:17,1375879397,scraping,1,,,,,,,,,2024-04-27T00:17:59.250854,https://twitter.com/medialab_ScPo/status/1731751044873404628,,,,,,,https://pbs.twimg.com/media/GAhqZOaWQAAXOeo.jpg,1731751044873404628_GAhqZOaWQAAXOeo.jpg,photo,,optichiasm,432665924,,,,
from:medialab_ScPo,1731742381030920378,1701714532,2023-12-04T18:28:52,medialab_ScPo,"La conf√©rence de lancement de l'Atlas du num√©rique d√©marre avec les lectures de @xporte @axellelemaire et @cecilemeadel 
""Un livre d'une tr√®s grande inventivit√©, d'une tr√®s grande richesse : un produit original, qui propose de nouvelles formules pour voir les choses"". https://twitter.com/medialab_ScPo/status/1731742381030920378/photo/1",0,2,10,0,,fr,,,,Twitter for Android,http://twitter.com/download/android,Paris,,,1652884033,ScPo m√©dialab,0,The Sciences Po m√©dialab is a research center of @sciencespo that connects the social sciences with new digital tools. #controversy #networks #data,https://medialab.sciencespo.fr,https://pbs.twimg.com/profile_images/687665190335283202/Ucmfc-pV_normal.png,1291,8838,129,321,227,2013-08-07T12:43:17,1375879397,scraping,1,,,,,,,,,2024-04-27T00:17:59.251095,https://twitter.com/medialab_ScPo/status/1731742381030920378,,,,,,,https://pbs.twimg.com/media/GAhigu2WkAEid7D.jpg,1731742381030920378_GAhigu2WkAEid7D.jpg,photo,,axellelemaire|cecilemeadel|xporte,116063765|1433799304435703824|71212408,,,,
from:medialab_ScPo,1731629530849099804,1701687626,2023-12-04T11:00:26,medialab_ScPo,"Le num√©rique est partout. Comment modifie-t-il nos fa√ßons de repr√©senter le monde et la soci√©t√© ?
Venez en discuter avec les auteurs de l‚ÄôAtlas du num√©rique (@syparasie @Optichiasm & P.Mitrano) @xporte @axellelemaire¬†&¬†@CMeadel d√®s 19h √† @sciencespo 
https://medialab.sciencespo.fr/actu/comment-redonner-une-materialite-aux-differentes-facettes-de-notre-vie-numerisee/",0,7,9,4,,fr,,,,Twitter Web App,https://mobile.twitter.com,Paris,,,1652884033,ScPo m√©dialab,0,The Sciences Po m√©dialab is a research center of @sciencespo that connects the social sciences with new digital tools. #controversy #networks #data,https://medialab.sciencespo.fr,https://pbs.twimg.com/profile_images/687665190335283202/Ucmfc-pV_normal.png,1291,8838,129,321,227,2013-08-07T12:43:17,1375879397,scraping,1,,,,,,,,,2024-04-27T00:17:59.251321,https://twitter.com/medialab_ScPo/status/1731629530849099804,,,,,https://medialab.sciencespo.fr/actu/comment-redonner-une-materialite-aux-differentes-facettes-de-notre-vie-numerisee/,medialab.sciencespo.fr,,,,,axellelemaire|cmeadel|optichiasm|sciencespo|syparasie|xporte,116063765|41537960|432665924|168619698|18425702|71212408,,,,
from:medialab_ScPo,1730566356771176907,1701434146,2023-12-01T12:35:46,medialab_ScPo,"Mardi 5/12 √† 14h,¬†@robindemourat Cl√©mence Seurat¬†et¬†@ThomasTARI1¬†pr√©senteront leur livre¬†¬´¬†Le champ des possibles : une enqu√™te collective √†¬†@Sevranville¬†¬ª au¬†s√©minaire du m√©dialab.¬†@ScPoResearch
S√©minaire ouvert √† tous ; info¬†et r√©servation sur¬†https://medialab.sciencespo.fr/actu/le-champ-des-possibles/ https://twitter.com/medialab_ScPo/status/1730566356771176907/photo/1",0,9,10,0,,fr,,,,Twitter Web App,https://mobile.twitter.com,Paris,,,1652884033,ScPo m√©dialab,0,The Sciences Po m√©dialab is a research center of @sciencespo that connects the social sciences with new digital tools. #controversy #networks #data,https://medialab.sciencespo.fr,https://pbs.twimg.com/profile_images/687665190335283202/Ucmfc-pV_normal.png,1291,8838,129,321,227,2013-08-07T12:43:17,1375879397,scraping,1,,,,,,,,,2024-04-27T00:17:59.251635,https://twitter.com/medialab_ScPo/status/1730566356771176907,,,,,https://medialab.sciencespo.fr/actu/le-champ-des-possibles/,medialab.sciencespo.fr,https://pbs.twimg.com/media/GAQ001TXcAA-tzm.jpg,1730566356771176907_GAQ001TXcAA-tzm.jpg,photo,,robindemourat|scporesearch|sevranville|thomastari1,20637708|435681893|2765681895|1177186207601713154,,,,
from:medialab_ScPo,1729445220574490798,1701166846,2023-11-28T10:20:46,medialab_ScPo,"Le m√©dialab s‚Äôassocie √† @ATDQM @EmmausConnect @emmaus_france @FedeSolidarite pour cr√©er le collectif Citoyennet√© et Num√©rique et initier de nouvelles recherches sur¬†les enjeux de l‚Äô√©loignement du num√©rique dans le rapport √† la vie collective.
üî≠https://citoyennete-et-numerique.org/",0,12,12,0,,fr,,,,Twitter Web App,https://mobile.twitter.com,Paris,,,1652884033,ScPo m√©dialab,0,The Sciences Po m√©dialab is a research center of @sciencespo that connects the social sciences with new digital tools. #controversy #networks #data,https://medialab.sciencespo.fr,https://pbs.twimg.com/profile_images/687665190335283202/Ucmfc-pV_normal.png,1291,8838,129,321,227,2013-08-07T12:43:17,1375879397,scraping,1,,,,,,,,,2024-04-27T00:17:59.251844,https://twitter.com/medialab_ScPo/status/1729445220574490798,,,,,https://citoyennete-et-numerique.org,citoyennete-et-numerique.org,,,,,atdqm|emmaus_france|emmausconnect|fedesolidarite,94549979|306069058|1943930744|88682428,,,,
from:medialab_ScPo,1728013785850323444,1700825566,2023-11-24T11:32:46,medialab_ScPo,"On Nov. 28th 2pm, @alextkindel¬†¬†(@ScPoResearch ) will give a talk about¬†Word embedding association tests methodology¬†at the m√©dialab seminar.

More info and registration form here :¬†https://medialab.sciencespo.fr/actu/word-embedding-association-tests-a-methodological-autopsy/",0,0,2,0,,en,,,,Twitter Web App,https://mobile.twitter.com,Paris,,,1652884033,ScPo m√©dialab,0,The Sciences Po m√©dialab is a research center of @sciencespo that connects the social sciences with new digital tools. #controversy #networks #data,https://medialab.sciencespo.fr,https://pbs.twimg.com/profile_images/687665190335283202/Ucmfc-pV_normal.png,1291,8838,129,321,227,2013-08-07T12:43:17,1375879397,scraping,1,,,,,,,,,2024-04-27T00:17:59.252035,https://twitter.com/medialab_ScPo/status/1728013785850323444,,,,,https://medialab.sciencespo.fr/actu/word-embedding-association-tests-a-methodological-autopsy/,medialab.sciencespo.fr,,,,,alextkindel|scporesearch,2618411672|435681893,,,,
from:medialab_ScPo,1724346932934639665,1699951320,2023-11-14T08:42:00,medialab_ScPo,"Jeudi 23 novembre - 14h30 : ""G√©n√®se, cr√©ation et¬†fonctionnement de l'outil de visualisation Panoptic ¬ª.
Pour la 40e s√©ance¬†üïØÔ∏è du MetSem¬†venez √©couter¬†@FalieInge,¬†@EdouardBoute et V. Ecrement, de @CeresSorbonne

Info et¬†inscription sur https://metsem.hypotheses.org/",0,1,2,0,,fr,,,,Twitter Web App,https://mobile.twitter.com,Paris,,,1652884033,ScPo m√©dialab,0,The Sciences Po m√©dialab is a research center of @sciencespo that connects the social sciences with new digital tools. #controversy #networks #data,https://medialab.sciencespo.fr,https://pbs.twimg.com/profile_images/687665190335283202/Ucmfc-pV_normal.png,1291,8838,129,321,227,2013-08-07T12:43:17,1375879397,scraping,1,,,,,,,,,2024-04-27T00:17:59.252229,https://twitter.com/medialab_ScPo/status/1724346932934639665,,,,,https://metsem.hypotheses.org,metsem.hypotheses.org,,,,,ceressorbonne|edouardboute|falieinge,1527220416351293440|340558910|1527280739921801218,,,,
